[Header],,,,,,,,,,
IEMFileVersion,4,,,,,,,,,
Investigator Name,User Name,,,,,,,,,
Experiment Name,Experiment,,,,,,,,,
Date,10/3/2018,,,,,,,,,
Workflow,GenerateFASTQ,,,,,,,,,
Application,NextSeq FASTQ Only,,,,,,,,,
Assay,,,,,,,,,,
Description,,,,,,,,,,
Chemistry,Default,,,,,,,,,
,,,,,,,,,,
[Reads],,,,,,,,,,
101,,,,,,,,,,
101,,,,,,,,,,
,,,,,,,,,,
[Settings],,,,,,,,,,
AdapterRead1,AGATCGGAAGAGCACACGTCTGAACTCCAGTCA,,,,,,,,,
AdapterRead2,AGATCGGAAGAGCGTCGTGTAGGGAAAGAGTGT,,,,,,,,,
AdapterBehavior,trim,,,,,,,,,
MinimumTrimmedReadLength,35,,,,,,,,,
MaskShortReads,35,,,,,,,,,
OverrideCycles,U7N1Y93;I8;I8;U7N1Y93,,,,,,,,,
,,,,,,,,,,
[Data],,,,,,,,,,
Sample_ID,Sample_Name,Sample_Plate,Sample_Well,I7_Index_ID,index,I5_Index_ID,index2,Sample_Type,Pair_ID
Bloodpool_GPR669,Bloodpool_GPR669,,,D702,TCCGGAGA,D503,AGGATAGG,DNA,Bloodpool_GPR669
AN14038517,AN14038517,,,D707,CTGAAGCT,D504,TCAGAGCC,DNA,AN14038517
AN14039777,AN14039777,,,D701,ATTACTCG,D518,GACTTCCT,RNA,AN14039777
AN14039778,AN14039778,,,D715,TTAATCAG,D505,CTTCGCCT,DNA,AN14039778
AN14040556,AN14040556,,,D716,ACTGCTTA,D511,AGAGGCGC,RNA,AN14040556
AN14040557,AN14040557,,,D703,CGCTCATT,D506,TAAGATTA,DNA,AN14040557